account_id,customer_name,product,balance,status,open_date
1001,Alice Nguyen,CHECKING,1523.45,ACTIVE,2019-03-11
1002,Bob Carter,SAVINGS,80200.00,ACTIVE,2018-07-02
1003,Chandra Rao,CHECKING,-45.10,OVERDRAWN,2020-01-19
1004,Dmitri Volkov,LOAN,-15200.00,ACTIVE,2017-11-23
1005,Elena Popov,SAVINGS,250.75,DORMANT,2016-05-30
1006,Frank Mueller,CHECKING,4100.00,ACTIVE,2021-09-14
1007,Grace Kim,CREDIT,-320.00,ACTIVE,2022-02-08
1008,Hiro Tanaka,SAVINGS,19875.20,ACTIVE,2015-12-01
1009,Ines Silva,CHECKING,0.00,DORMANT,2023-06-17
1010,Jamal Idris,LOAN,-5000.00,ACTIVE,2020-10-05
